name,research_field,topic
Taylor Reed,Sportwissenschaftliche Fakultät,Effects of different training regimes on athletic performance and recovery in elite athletes
Jamie Jain,Erziehungswissenschaftliche Fakultät,Erkundungen des Einflusses digitaler Technologien auf das Verhalten Schülerinnen und Schüler im Unterrichtsverlauf: Aktuelle Trends und ihre Auswirkungen auf Lernmotivation und sozialen Austausch
Avery Garcia,Philologische Fakultät,Analyse des Verwandlungsumfangs der deutschen Sprache im Laufe der Zeit: Eine Fallstudie zu den sprachlichen Veränderungen im digitalen Zeitalter
Skyler Lee,Juristenfakultät,Analyse der Auswirkungen von Vertragsbedingungen auf die Unternehmensstrategie: Eine Fallstudie zu den Verträgen von großen Silicon Valley-Technologieunternehmen
Robin Smith,Fakultät für Lebenswissenschaften,Die Auswirkungen eines Mangelernährungsstatus auf das Immunsystem von Säugetieren
Morgan O'Hara,Erziehungswissenschaftliche Fakultät,Innovationen in der digitalen Lehr- und Lernumgebung
Kris Campbell,Fakultät für Lebenswissenschaften,Der Einfluss von Pflanzeneinsatz auf die Nährstoffversorgung in der Aquakultur
Skyler O'Hara,Sportwissenschaftliche Fakultät,Die Auswirkungen der körperlichen Aktivität auf die geistige Gesundheit: Eine Untersuchung quantitativer Erkenntnisse
Skyler Thomas,Erziehungswissenschaftliche Fakultät,Entwicklung integrierter Ansätze zur Förderung kritischen Denkens in der Grundschulausbildung – Eine Analyse der Wirksamkeit von verschiedenen methodischen Herangehensweisen.
Charlie Gonzalez,Fakultät für Chemie,Anwendung von Computersimulationen zur Analyse der Reaktionswege bei nicht-homogenen katalytischen Prozessen.
Alex Chen,Sportwissenschaftliche Fakultät,Auswirkungen von Trainingsprogrammen auf athletische Leistungsfähigkeit
Robin Liu,Fakultät für Chemie,Entwicklung von hochaktiven Katalysatoren aus bioabbaubaren Materialien für CO2-Einfangprozesse in der chemischen Industrie
Avery O'Hara,Theologische Fakultät,Umweltethik in der christlichen Tradition: Die Verbindung von Umweltschutz und religiösem Glauben
Bailey Garcia,Medizinische Fakultät,Der Einfluss von Hormonen auf die Entwicklung und Funktion von Zellreaktionen im Gehirn der Alzheimer-Patienten.
Sydney Garcia,"Fakultät für Geschichte, Kunst- und Regionalwissenschaften",'Kultur transfer in Mittelalterlichen Europäischen Kunstwerken'
Cameron Campbell,Fakultät für Chemie,"Anwendung von künstlicher Intelligenz in der Entwicklung neuer Verfahren zur synthetisierten Katzenfur
"
Jordan Brooks,Fakultät für Sozialwissenschaften und Philosophie,Soziale Verhältnisse und philosophische Überlegungen: Eine untersuchung zur Macht der Einheit aus Vielfalt
Taylor Clark,Medizinische Fakultät,Analyse der Auswirkungen von Medikamenten auf die Gedächtnisfunktion in Alterspatienten
Skyler Singh,Wirtschaftswissenschaftliche Fakultät,Effekte von digitalen Transformationen auf die globale Beschäftigungspolitik
Reese Davis,Juristenfakultät,"Die Bedeutung von rechtlichen Standards in zeitgenössischer Kunst: Eine Analyse der Auswirkungen auf Kunstschaffende, Kunstbewerter und die Gesellschaft als Ganzes"
Casey Lee,Fakultät für Lebenswissenschaften,"Die genetischen Mechanismen des Lernens in verschiedenen Organismen: Eine Untersuchung von Wirbeltieren, Drosophilen und Pilzen"
Riley Singh,Medizinische Fakultät,Neue Behandlungsmöglichkeiten zur Vorbeugung und Behandlung von akuten Infektionen im Gesundheitswesen: Eine Kombination aus Nanotech-Geldmithtechnologie und Immuntherapie.
Riley Garcia,Fakultät für Mathematik und Informatik,Verbesserung von Algorithmen zur Lösung komplexer Optimierungsaufgaben in der Mathematik und Informatik
Jamie Brooks,Philologische Fakultät,Eine linguistische Untersuchung zur Entwicklung von Sprachvariationen im digitalen Zeitalter: Der Fall des Deutsch-Englischen Sprachkontaktes.
Cameron Chen,"Fakultät für Geschichte, Kunst- und Regionalwissenschaften",Die Rolle des Kunsthandwerks in der Entwicklung des Feudalsystems im Mittelalter: Eine interdisziplinäre Analyse der visuellen Kommunikation und Rezeption
Cameron O'Hara,Philologische Fakultät,Wortschatzanalyse von antiken griechischen Texten: Eine Spurensuche nach der Entwicklung der Sprache in der klassischen Zeit
Jamie Lee,Juristenfakultät,Die Rechtsfragen im Zusammenhang mit dem Einsatz von Künstlicher Intelligenz in Rechtsprechung und Gerichtsverfahren: Ein Vergleich der Situation in den USA und Deutschland
Sam Adams,Sportwissenschaftliche Fakultät,Die Auswirkungen von regelmäßiger körperlicher Aktivität auf die kognitive Leistungsfähigkeit bei Studierenden
Riley Chen,Fakultät für Physik und Erdsystemwissenschaften,Der Einfluss von Elektromagnetischen Feldern auf die Schmelzrate von Polargeiern am Beispiel der Arktis.
Sydney Kumar,Philologische Fakultät,Der Einfluss der digitalen Technologie auf die Erforschung antiker Texte: eine Untersuchung von digitalen Werkzeugen zur linguistischen Analyse
Skyler Jain,Philologische Fakultät,Die sprachliche Vielfalt in antiken griechischen Tragödien: Eine linguistisch-philologische Untersuchung der Vokabulare und Spracherweiterungen im Chor und unter den Charakteren.
Bailey Smith,Erziehungswissenschaftliche Fakultät,"Einvernehmliche Verständigung und Konfliktlösung im Unterricht - Eine Analyse der Auswirkungen auf Schülerleistung, soziale Interaktion und Unterrichtserfolg"
Jordan Liu,Fakultät für Mathematik und Informatik,Optimierung von künstlichen neuronalen Netzwerken in maschinellem Lernen
Jamie Lee,Erziehungswissenschaftliche Fakultät,Vergleich der Auswirkungen traditioneller und neuer Methoden in der Schulung von Lehrerinnen und Lehrern an der Erziehungswissenschaftlichen Fakultät
Devon Liu,Erziehungswissenschaftliche Fakultät,Die Auswirkungen digitaler Technologien auf das Lernen und die persönliche Entwicklung von Kindern in Zeiten der COVID-19-Pandemie
Dana Clark,Philologische Fakultät,Linguistische Analyse von Schiller-Texten in veränderten Spracheinstellungen: Eine interdisziplinäre Untersuchung zum Verständnis der Sprachänderungen im Spätwerk des Dichters
Charlie Patel,Fakultät für Chemie,Verbesserung der Effizienz hochdreher Katalysatoren durch die Integration von Nanostrukturen
Avery Jain,Sportwissenschaftliche Fakultät,Die Auswirkungen von Hormon-Modulierungen auf Athletenleistung und Gesundheit: Ein Vergleich zwischen natürlichem und künstlichem Hormoneinsatz in der Leistungssteigerung
Skyler Adams,Fakultät für Chemie,Entwicklung neuer Katalysatoren zur Förderung nachhaltiger chemischer Prozesse
Devon Thomas,Juristenfakultät,Die Entwicklung des Rechts auf das digitale Erbe in der Ära der Metadaten: eine interdisziplinäre Betrachtung von Eigentums- und Datenschutzaspekten.
Sydney Davis,Erziehungswissenschaftliche Fakultät,Achtsamkeit bei Schulkindern: Auswirkungen auf emotionale Intelligenz und soziales Wohlbefinden
Avery Rivera,Fakultät für Physik und Erdsystemwissenschaften,Einflüsterungen des Kosmos: Verbindung von Quantenphysik und Geophysik in der Forschung zu geomagnetischen Störungen
Morgan Smith,Wirtschaftswissenschaftliche Fakultät,Innovative Geschäftsmodelle für digitale Unternehmen: Ein Vergleich von strategischen Ansätzen in der digitalen Wirtschaft
Taylor Patel,Philologische Fakultät,Eine Analyse von Metaphern im mittelalterlichen französischen Lyrik: Ein Vergleich von Dante Alighieris La Vita Nuova Und Guillaumes de Machauts Dit du Vergier.
Sam Thomas,Juristenfakultät,Die rechtliche Ausgestaltung von Online-Konsumentenrechten in der Digitalen Wirtschaft
Morgan Clark,Fakultät für Mathematik und Informatik,Machine Learning-basiertes Analysemodell zur Identifizierung von Softwarefehlern in komplexen Softwarekomponenten
Reese Brooks,Fakultät für Sozialwissenschaften und Philosophie,Der Einfluss von digitalen Technologien auf die Gemeinschaftsbildung bei Studierenden: Eine soziologische Analyse
Jamie Adams,Wirtschaftswissenschaftliche Fakultät,Die Auswirkungen von Kryptowährungen auf die globale Finanzsysteme
Alex Garcia,Philologische Fakultät,Einfluss historischer Texte auf die Entwicklung der philippinischen Sprache
Skyler Kumar,Theologische Fakultät,Die Entwicklung von Spiritualität in der modernen Gesellschaft: Ein vergleichender Analyse einer Reihe von spirituellen Bewegungen
Bailey Garcia,Fakultät für Chemie,Entwicklung neuer synthetischer Methoden zur Produktion von effizienten Katalysatoren in der organischen Synthese.
Robin Chen,Fakultät für Physik und Erdsystemwissenschaften,Die Auswirkungen von Methanhydraten auf das Klima und ihre potenziellen Anwendungen in der Energieerzeugung
Alex Kumar,Fakultät für Sozialwissenschaften und Philosophie,Die Konsequenzen postkolonialer Identitätsbildung auf die psychische Gesundheit junger Erwachsener in multikulturell geprägten Ländern.
Sam Rivera,Medizinische Fakultät,Die Auswirkungen von Virtual Reality auf die Rehabilitation nach Schlaganfall in Kombination mit Neuromodulationstechnologien: Ein Pilotstudie
Dakota Rivera,Juristenfakultät,Die Rechtsfragen im Zusammenhang mit künstlicher Intelligenz und automatisierten Entscheidungen in rechtlichen Anwendungsbereichen
Casey Patel,"Fakultät für Geschichte, Kunst- und Regionalwissenschaften",Analytische Studie zur Repräsentation von Frauen in mittelalterlichen Miniaturmalereien
Sam Adams,Theologische Fakultät,Die Entwicklung von Feministischer Theologie im Christentum: Eine historische Analyse.
Kris Reed,Juristenfakultät,Das Recht auf Geheimhaltung in der digitalen Ära: Rechts-und Ethikfragen beim Umgang mit Personendaten im Einklang mit ethischen Grundsätzen
Bailey Flores,Fakultät für Lebenswissenschaften,Entwicklung von Nanopartikeln zur Verbesserung der Zellkultur
Taylor Davis,Wirtschaftswissenschaftliche Fakultät,Analyse von Konjunkturzyklen in verschiedenen regionalen Märkten im globalen Handelsumfeld
Dakota Jain,Fakultät für Lebenswissenschaften,Die Auswirkungen von Hormonen auf die Gehirnentwicklung in Jungtieren
Riley Gonzalez,Medizinische Fakultät,Entwicklung neuer therapeutischer Ansätze zur Behandlung von Herzkrankheiten durch die Integration von bioaktiven Peptiden
Morgan Flores,Wirtschaftswissenschaftliche Fakultät,Der Einfluss von Zugänglichkeit digitaler Ressourcen auf die Produktivität mittelständischer Unternehmen: Eine Analyse der Nutzung und Auswirkungen
Morgan Adams,Theologische Fakultät,Der katholische Glaube und seine Auswirkungen auf die Moralentscheidungslehre in der modernen Gesellschaft
Avery Patel,Philologische Fakultät,Das Potenzial von künstlicher Intelligenz zur Verbesserung des Lernens im Feldbereich der deutschen Philologie
Dana Adams,Veterinärmedizinische Fakultät,Entwicklung von neuartigen immunmodulatorischen Therapiestrategien zur Behandlung von autoimmunen Erkrankungen bei Kleintieren
Jamie Rivera,Wirtschaftswissenschaftliche Fakultät,Der Einfluss von digitaler Transformation auf Unternehmensstrukturen: Eine Untersuchung unternehmenstechnischer Anpassungen im Wandel der digitalen Wirtschaft
Reese Thomas,Erziehungswissenschaftliche Fakultät,Einführung von Digitalisierungstechnologien in den Unterricht: Auswirkungen auf das Lernen und die Pädagogik
Skyler O'Hara,Sportwissenschaftliche Fakultät,Die Auswirkungen von mentaler Vorbereitung auf die Leistung von Langstreckenathleten
Dakota Clark,Philologische Fakultät,Die Entwicklung der philologischen Methode bei den griechischen Schriftstellern der Alexandrinerzeit
Cameron Brooks,Fakultät für Sozialwissenschaften und Philosophie,Die Auswirkungen moderner Technologie auf die menschliche Gemeinschaft in gesellschaftlichen Medien
Charlie Garcia,Erziehungswissenschaftliche Fakultät,Die Anwendung von virtuellen Realitäten in Bildung: Eine Untersuchung zur Verbesserung der Engagement und Leistungen von Schülern
Riley Lee,"Fakultät für Geschichte, Kunst- und Regionalwissenschaften",Die kunsthistorischen Auswirkungen des Aufkommens der industriellen Revolution auf ländliche Gemeinschaften in Europa: Eine Analyse von Kunstwerken und Kulturausängen aus dieser Periode
Alex Gonzalez,Fakultät für Sozialwissenschaften und Philosophie,Soziale Gerechtigkeit in online-Sozialen Netzwerken: Eine kritische Analyse der Folgen globaler Kommunikationstechnologien auf soziale Ungleichheiten
Riley Gonzalez,Erziehungswissenschaftliche Fakultät,Die Auswirkungen moderner Technologie auf die Lernentwicklung von Schülern in Grundschulen
Alex Lee,Sportwissenschaftliche Fakultät,Motorisches Lernen und motorische Leistungsfähigkeit: Untersuchungen zur Effektivität von verschiedenen trainingsbasierten Lernmethoden.
Jordan Jain,Medizinische Fakultät,Therapeutische Wirkung von Aloe vera auf die Schmerzen und Entzündungen bei Hauterkrankungen: Eine klinische Studie zur Beurteilung der Wirksamkeit einer Aloe-vera-basierten Salbe
Jordan Liu,Medizinische Fakultät,Die Wirkungen von genetischer Manipulation bei Stammzellen auf den Heilungsprozess nach Gehirnverletzungen
Kris Jain,Fakultät für Chemie,Entwicklung neuer Katalysatoren zur Beschleunigung von kohlenstofffixierenden Prozessen mit Schwerpunkt auf der Umwandlung von CO2 in Wertsubstanzen.
Dana O'Hara,Fakultät für Sozialwissenschaften und Philosophie,Einfluss der digitalen Transformation auf das politische Denken: Eine Analyse von sozialen Medien und ihrer Auswirkungen auf dem politischen Geschehen
Avery Gonzalez,Juristenfakultät,Die Rechtsverordnung als Grundlage für die Entwicklung eines digitalen Gerichtssystems
Dana Jain,Theologische Fakultät,Das Konzept der Gnade in christlichen und islamischen Traditionen
Dana Thomas,Erziehungswissenschaftliche Fakultät,Die Wirkungen von Digitalisierung auf die Lehr-Lern-Kommunikation in Schulen
Taylor Garcia,Philologische Fakultät,Die Entwicklung von Kodierungen zur Transkription und Repräsentation unerforschter Sprachen: Eine in-depth Analyse und Entwicklung weiterer Codierungsschemata basierend auf der Philologischen Fakultät
Robin Davis,Fakultät für Mathematik und Informatik,Effiziente Verarbeitung von großen Datenvolumen in der Informatik durch forderspezifische Programmierwerkzeuge
Robin Brooks,Wirtschaftswissenschaftliche Fakultät,Beeinflusse die Auswirkungen von Klimawandel auf mittelständische Unternehmen in der Europäischen Union
Jordan Garcia,Fakultät für Lebenswissenschaften,Die Wirkungen von Cognitive Behavioral Therapy auf Körperlichkeit und Stress bei Menschen mit bestimmten chronischen Krankheiten.
Sydney Liu,Theologische Fakultät,Das Konzept von Heil: Eine vergleichende Untersuchung zwischen christlich-abrahamitischen Traditionen.
Taylor Jain,Erziehungswissenschaftliche Fakultät,Die Auswirkungen moderner Technologie auf das Lernen von Schülern: Eine Untersuchung zur Rolle digitaler Medien im Unterricht
Casey Adams,Fakultät für Physik und Erdsystemwissenschaften,"Entwicklung eines Modells zur Vorhersage von Klimaveränderungen unter Berücksichtigung der interaktion der Geosphäre, Atmosphäre und Ozeane"
Avery Thomas,Veterinärmedizinische Fakultät,Analyse von Tierfutterbezügen im Vergleich zu anderen Nahrungsmitteln und ihrem Einfluss auf die Häufigkeit und Schwere von Krankheiten bei Veterinärpatienten
Jamie Brooks,Erziehungswissenschaftliche Fakultät,Die Auswirkungen des Digitalisierungsprozesses auf die pädagogische Praxis: Eine empirische Untersuchung in der Secondary Education.
Morgan Brooks,Theologische Fakultät,Der Einfluss der buddhistischen Meditationspraktiken auf die Entwicklung spiritueller Sichtweisen und moralischer Werte.
Skyler Garcia,Fakultät für Lebenswissenschaften,Eine Erforschung des Einflusses von Umweltfaktoren auf die Expression von bestimmten Gene in landwirtschaftlichen Pflanzen
Skyler Reed,Medizinische Fakultät,Einfluss von individuellen genetischen Faktoren auf die Wirksamkeit von Immuntherapie bei Krebspatienten: Eine erfassende Literaturübersicht
Riley Chen,Fakultät für Mathematik und Informatik,Implementierung von maschinellem Lernen in komplexen Programmiersprachen zur Optimierung von Softwareentwicklungsprozessen
Dana Flores,Erziehungswissenschaftliche Fakultät,Einfluss von digitalen Technologien auf die Schülerinnenzentrierte Bildung: Analyse der Effektivität und Effizienz von Hybridunterricht
Sydney Smith,Veterinärmedizinische Fakultät,Die Auswirkungen von diätischen Interventionen auf die Harnleithäufigkeit bei Haustieren
Sydney Reed,Fakultät für Mathematik und Informatik,Innovative Algorithmen für maschinelles Lernen: Anwendungen in der komplexen dynamischen Systemeanalyse
Jamie Brooks,Fakultät für Chemie,"Investigations of Novel Heterocyclic Catalysts for Selective Oxidation Reactions: A Comprehensive Study on their Structural Features, Stability and Catalytic Activity"
Robin Adams,Philologische Fakultät,Die Verschmelzung von Digitale Philologie und Künstlicher Intelligenz: Potenziale und Herausforderungen
Dana Patel,Erziehungswissenschaftliche Fakultät,The impact of educational technology on student engagement and academic achievement in primary schools
Dakota O'Hara,Fakultät für Lebenswissenschaften,Der Einfluss von Umweltfaktoren auf das Wachstum von Bio- und Agrarestoffpflanzen
Devon Adams,Fakultät für Lebenswissenschaften,Die Entwicklung nachhaltiger Bioprozesse zur Effizienzsteigerung bei Proteinkonsumtion mit Hilfe von Insektenprotein
Bailey Smith,Fakultät für Lebenswissenschaften,Entwicklung neuer methodischer Ansätze zur Untersuchung von Genexpression und ihre Auswirkungen auf die Verdauung in tierischen Modellen
Devon Flores,Fakultät für Sozialwissenschaften und Philosophie,Die Transformation der politischen Beteiligung durch digitale Medien.
Kris Chen,Fakultät für Lebenswissenschaften,Anzapfung von Proteinen als Schlüssel zur Gewahrleistung einer gesunden Ernährung
Kris Lee,Wirtschaftswissenschaftliche Fakultät,Untersuchung des Einflusses von digitalen Technologien auf Marktzugänge in Industriellen Märkten
Sam Lee,Juristenfakultät,"Das Potenzial von Künstlicher Intelligenz bei Beweisaufnahmen im Strafverfahren: Rechtliche, ethische und technische Herausforderungen"
Morgan Jain,Fakultät für Mathematik und Informatik,Optimierung von Genetischem Programmieren in maschinellem Lernen: Eine Untersuchung zur Verbesserung der Leistungsvermögens des Gens
Taylor Gonzalez,Erziehungswissenschaftliche Fakultät,Die Auswirkungen verbaler Kommunikation auf mentale Gesundheitssignale während des Erwerbs von Selbstregulation bei Kindern
Devon Campbell,Fakultät für Lebenswissenschaften,Molekulare Mechanismen der Kohlensäurefixierung in C4-Pflanzen
Reese Lee,Fakultät für Mathematik und Informatik,Anwendung von topologischen Methoden in der Optimierung von Algorithmen zur Lösung komplexer mathematischer Probleme.
Devon Gonzalez,Fakultät für Sozialwissenschaften und Philosophie,Das Verständnis von moralischen Urteilen im Kontext der digitalen Datenflut
Bailey Kumar,Erziehungswissenschaftliche Fakultät,Anpassungsfähigkeit von Schülern in multikulturellen Umgebungen: Ein Vergleich verschiedener Unterrichtsmethoden
Bailey Jain,Fakultät für Chemie,Entwicklung hochselektiver organischer Katalysatoren für nachhaltige Weichenreaktionen in Wasserstoff-Oxidationsreaktionen
Sydney Patel,Philologische Fakultät,Der Schicksalsweg der Sprachphilosophie: Eine analysierende Studie über die Bedeutung der linguistischen Konzepte in mittelalterlichen literarischen Texten
Dakota Brooks,"Fakultät für Geschichte, Kunst- und Regionalwissenschaften",Eine interaktive Analyse der Wandgemälde in den prähistorischen Höhlen von Lascaux.
Morgan Reed,Fakultät für Physik und Erdsystemwissenschaften,High-resolution Geophysical Imaging Techniques for Seismic Hazard Assessment in Vulnerable Regions: A Comprehensive Study
Reese Gonzalez,Medizinische Fakultät,Verhinderung von Herzkreislauf-Erkrankungen durch Fortschritte in der Prävention: Eine Analyse der Effektivität verschiedener Maßnahmen bei patientspezifischen Risikofaktoren
Morgan Adams,Erziehungswissenschaftliche Fakultät,Der Einfluss digitaler Medien auf die Entwicklung sozialer Kompetenz bei Schülern in der Grundschule
Kris Kumar,Veterinärmedizinische Fakultät,"Eine umfassende Untersuchung von alternativem Ernährungsfächer für Haustiere: Auswirkungen auf Gesundheit, Wohlbefinden und ökologische Nachhaltigkeit."
Cameron Lee,Erziehungswissenschaftliche Fakultät,Der Einfluss von Bildungspolitikmaßnahmen auf die Entwicklung lebenslangen Lernens in der Erziehungswissenschaft
Cameron Singh,Veterinärmedizinische Fakultät,Ergebnisse einer Studie zur Prävalenz von Maul-Hundkrankheit (Canine Brucellosis) bei Haushunden in ländlichen Gebieten
Charlie Adams,Sportwissenschaftliche Fakultät,Einfluß von körperlicher Aktivität auf die kognitive Leistungsfähigkeit bei Studenten der Sportwissenschaftlichen Fakultät
Dakota Campbell,Theologische Fakultät,Die Bedeutung der Eschatologie im christlichen Glaubenssystem: Eine Untersuchung der eschatologischen Lehren von Augustinus von Hippo und Martin Luther
Kris Reed,Philologische Fakultät,Die Entwicklung von Sprachwerkzeugen in der digitalen Ära: Ein Beitrag zur Linguistik und Informatik
Skyler Singh,Philologische Fakultät,Der Einfluss von Dialektgeographischen Variationen auf die Entwicklung der mittelalterlichen Prosaliteratur in England.
Taylor Patel,Fakultät für Chemie,Synthese und Eigenschaften neuer metalorganischer Verbindungen mit Anwendung in Katalyse
Taylor Garcia,Sportwissenschaftliche Fakultät,Einfluß von Wettkampftraining auf Muskelwachstum bei Athleten unter Berücksichtigung von Genexpression und Hormonspiegeln
Skyler Patel,Fakultät für Chemie,Synthese und Charakterisierung von novelen nanoscaled metallorganischen Verbindungen für Anwendungen in der Lithiumionen Akku-Technologie.
Dakota Campbell,Erziehungswissenschaftliche Fakultät,Die Auswirkungen von digitalen Technologien auf das Lernen: Eine kritische Analyse aus der Perspektive der bildungswissenschaftlichen Fakultät. 
Bailey O'Hara,Philologische Fakultät,Die Entwicklung von Computermodellen zur Analyse des Stilwechsels zwischen Texten von Dostojewski und Tolstoi.
Jamie Rivera,Fakultät für Physik und Erdsystemwissenschaften,Quantitative Untersuchung geomagnetischer Störungen in der Arktis als Auswirkung ausgewählter Klimawandelscenarien bis zum Jahr 2050
Jamie Smith,Medizinische Fakultät,Die Auswirkungen von fortlaufender Bewegung auf die Gehirnentzündung bei patients mit Parkinson-Krankheit: Eine vergleichende Studie
Robin Kumar,Fakultät für Lebenswissenschaften,Die Auswirkungen von Umweltfaktoren auf die Genexpression eines Schlankheitsgenoms in menschlichen Adipozitätszellen
Alex Liu,Theologische Fakultät,Die Beziehung zwischen Gnosis und Rites in frühen christlichen Gemeinschaften
Avery Kumar,Veterinärmedizinische Fakultät,Der Einfluss von verschiedenen Ernährungssäten auf die Immunfunktion von Haustieren
Charlie Adams,Sportwissenschaftliche Fakultät,Einfluss von körperlicher Bewegung auf das Gehirn: eine Untersuchung zur Veränderung der kognitiven Funktionen unter intensiver körperlicher Aktivität
Robin Adams,Fakultät für Lebenswissenschaften,Gentlige Verfahren zur Inaktivierung von parasitären Nematoden in der Landwirtschaft: Ein Wege zur kontrollierten Ernteerntung.
Taylor Lee,Sportwissenschaftliche Fakultät,Einfluß von Trainingsmethoden auf Athletikleistung bei langstreckigen Laufsportlern
Avery Adams,Fakultät für Lebenswissenschaften,Molekulare Mechanismen von Interaktionen zwischen Pflanzenhormonen und Signaltransduktionsproteinen in C3-Gehemzellen
Cameron Gonzalez,Fakultät für Sozialwissenschaften und Philosophie,Der Einfluss von Technologie auf die Entwicklung der sozialen Identität: Eine interdisziplinäre Analyse in der sozialen Gerechtigkeit
Avery Thomas,Veterinärmedizinische Fakultät,Eine Analyse von Ernährungsverhaltensmustern hinter dem Verhalten von Haustieren bei unterschiedlichen Umgebungen
Jordan Singh,"Fakultät für Geschichte, Kunst- und Regionalwissenschaften",Die archäologischen Funde entlang des antiken Handelsweges: Eine Untersuchung der Ausgewanderten von der Stadt XY zu ihrer kulturellen Identität und ihren Einflüssen von Zielort XY
Jordan Davis,Erziehungswissenschaftliche Fakultät,Die Auswirkungen von Inklusion in der Schülersozialisation innerhalb von heterogenen Klassenzimmern auf das akademische Leistungswachstum.
Riley Garcia,"Fakultät für Geschichte, Kunst- und Regionalwissenschaften",Das Unterscheidungsfähigkeit von mittelalterlichen Glasurfarben in Keramikwerkstätten zur Bestimmung ihres Herkunftsorts
Skyler Thomas,Juristenfakultät,Der Einsatz von künstlicher Intelligenz in rechtlichem Analysen - Chancen und Herausforderungen.
Avery Jain,Wirtschaftswissenschaftliche Fakultät,Evaluation der Effekte von Blockchain-Technologie auf die Verschlüsselung und Sicherheit in der Finanzbranche
Sam Chen,Fakultät für Mathematik und Informatik,Analysis und Entwicklung von Algorithmen zur Behandlung von Komplexität in Parallelrechnern
Alex Chen,Sportwissenschaftliche Fakultät,Die Auswirkungen verschiedener Konditionsübungen auf die Performanz von professionellen Fußballspielern.
Bailey Thomas,Theologische Fakultät,Eine Analyse der religiösen Rituale in altägyptischer Kultur: Tradition und Innovation im Alten Ägypten.
Riley Kumar,Veterinärmedizinische Fakultät,Die Auswirkungen von diätetischen Interventionen auf Zahngesundheit bei Haustieren: Eine klinisch-pathologische Studie
Taylor Clark,Wirtschaftswissenschaftliche Fakultät,Anwendung von Ganzzahlentheorie in Risikomanagementstrategien für Finanzinstitute
Jordan Flores,Erziehungswissenschaftliche Fakultät,Der Einfluss von digitale Medien auf Lernmuster und -fortschritt in pädagogischen Umgebungen.
Casey Brooks,"Fakultät für Geschichte, Kunst- und Regionalwissenschaften",Das Veränderungskunstwerk: Die Evolution der regionalen Kulturlandschaften in Europa vor dem Hintergrund von Klimawandel und Migration.
Dakota Jain,Erziehungswissenschaftliche Fakultät,Die Auswirkungen von Schülerentwicklungsprogrammen auf das akademische Engagement im Laufe des Bildungsweges.
Alex O'Hara,Fakultät für Mathematik und Informatik,Anwendung von konstanten Fähnchen in der numerischen Analysis
Bailey Kumar,Wirtschaftswissenschaftliche Fakultät,Einfluss sozialer Medien auf ökonomische Entscheidungen von Unternehmen
Morgan Kumar,"Fakultät für Geschichte, Kunst- und Regionalwissenschaften",Die Einwirkung des modernen Sozialmedias auf populäre Kultur und ihre Auswirkungen auf die Region der Karibik
Kris Clark,Philologische Fakultät,Die Entwicklung der deutschen Sprache im Rahmen der digitalen Kommunikation: Eine diachronische Analyse von Texten aus sozialen Medien
Skyler Liu,Fakultät für Lebenswissenschaften,Einführung der Verwendung von Synthetischem Fleisch in menschlicher Ernährung: Herausforderungen und Möglichkeiten
Taylor Kumar,Veterinärmedizinische Fakultät,Erkundungen in die Möglichkeiten von Regenerativem Medizin bei Haustieren: Potenziale und Herausforderungen
Devon Kumar,Fakultät für Lebenswissenschaften,Die Auswirkungen von Umweltfaktoren auf die Entwicklung von Pflanzen: Eine Studie zur genetischen Variabilität von Weizen.
Taylor Campbell,Fakultät für Mathematik und Informatik,Mathematische Modellierung von Algorithmen zur Lagerverwaltung
Cameron Liu,Fakultät für Mathematik und Informatik,"Entwicklung eines neuartigen Algorithmus zur Optimierung von Algorithmen, speziell in Bezug auf maschinelle Lernalgorithmen"
Reese Rivera,Medizinische Fakultät,Novelle therapeutische Ansätze zur Behandlung chronischer Leberverletzungen: Eine klinische Studie über die Wirksamkeit von chimerischen CAR-T-Zellen im Vergleich zu current Standardtherapien.
Sydney Gonzalez,Erziehungswissenschaftliche Fakultät,Einfluss von digitalen Technologien auf die Förderung kritischen Denkens bei Schülern: Eine empirische Studie an der Erziehungswissenschaftlichen Fakultät
Jamie Smith,Sportwissenschaftliche Fakultät,Genetische Variabilität und das Reaktionsvermögen von Athleten auf verschiedene Trainingseinheiten: Eine Untersuchung zu individuellen Unterschieden
Robin Reed,Fakultät für Sozialwissenschaften und Philosophie,Soziale Normenentwicklung im digitalen Zeitalter: Eine vergleichende Studie zu ihren Auswirkungen auf das Verhalten von Jugendlichen
Skyler O'Hara,"Fakultät für Geschichte, Kunst- und Regionalwissenschaften",Die Evolution der visuellen Darstellungen von Kulturlandschaften in mittelalterlicher und frühneuzeitlicher Zeit.
Robin Lee,Philologische Fakultät,Die Verwendung von natürlicher Sprachverarbeitung in der Linguistik: Eine Analyse der Fähigkeiten und Grenzen menschlichen Sprachtests vs AI-gestützter Interpretation
Bailey Campbell,"Fakultät für Geschichte, Kunst- und Regionalwissenschaften",Die Entwicklung von Museen in Deutschland im Spannungsfeld zwischen Tradition und Innovation: Eine historisch-vergleichende Untersuchung.
Taylor Singh,Fakultät für Sozialwissenschaften und Philosophie,Soziale Konstruktion von Identität: Ein Vergleich zwischen den Geschlechterrollen in traditionellen und modernen Gesellschaften.
Dakota Thomas,"Fakultät für Geschichte, Kunst- und Regionalwissenschaften","Die Entwicklung der ländlichen Architektur in Süddeutschland im mittleren und späten 19. Jahrhundert: Ein architekturehistorischer Blick auf Stilentwicklungen, Funktionalität und kulturelle Einflüsse"
Sydney Singh,Fakultät für Sozialwissenschaften und Philosophie,"Einfluss von Digitalisierung auf die Entwicklung sozioökonomischer Ungleichheiten in lateinamerikanischen Gesellschaften: Eine case-study-Analyse der Fälle Brasilien, Mexiko und Argentinien"
Avery O'Hara,Fakultät für Mathematik und Informatik,Effiziente algorithmische Ansätze zur Lösung von NP-schweren Optimierungsproblemen in der Artificial Intelligence
Sydney Chen,Juristenfakultät,Der Einfluss von Digitalisierung auf die Rechtskultur und rechtliche Auswirkungen
Devon Singh,Fakultät für Mathematik und Informatik,Entwicklung neuer Algorithmen zur Lösung komplexer Optimierungsaufgaben in der Finanzbranche.
Skyler Reed,Fakultät für Chemie,Nanostrukturierte Katalysatoren für erneuerbare Energieanwendungen: Ein chemisches Lösungsweg
Dakota O'Hara,Fakultät für Mathematik und Informatik,Einige wichtige Aspekte der menschlichen Gehirnaktivität bei der Lösung von mathematischen Problemen: Eine neurowissenschaftliche Perspektive
Devon Campbell,Philologische Fakultät,Die Entwicklung der sprachlichen Struktur im Deutschen: Eine Diachrone Analyse mit Schwerpunkt auf dem Hochdeutschen
Bailey Brooks,Fakultät für Physik und Erdsystemwissenschaften,Efficacy of Advanced Materials in Enhancing Renewable Energy Technologies: A Comprehensive Study on Solar and Geothermal Systems
Charlie O'Hara,Fakultät für Sozialwissenschaften und Philosophie,Kulturelles Verständnis und globaler Austausch - Eine Untersuchung zu den Auswirkungen transnationaler Beziehungen auf soziale Identitäten und Denkweisen.
Dana Chen,Philologische Fakultät,"Die Entwicklung philologischer Methoden zur Analyse von Digitales Literatur: Eine Untersuchung von Twitter-Narrativen im Spannungsfeld von Literatur, Sprache und Kultur."
Morgan Singh,Fakultät für Sozialwissenschaften und Philosophie,Die Auswirkungen des Konsumverhaltens auf soziale Mobilität: Eine qualitative Analyse der Bedeutung von Konsum für Individuen aus unterschiedlichen sozialen Hintergründen
Reese Liu,Medizinische Fakultät,Entwicklung neuer Behandlungsmethoden zur Bekämpfung von Krankheiten mit herkömmlichen chemischen Verbindungen.
Riley Singh,Erziehungswissenschaftliche Fakultät,Die Auswirkungen von digitaler Bildung auf das soziale Verhalten von Schülern
Casey Patel,Fakultät für Lebenswissenschaften,Die Auswirkungen von Antioxidantien auf die Gesundheit von Menschen
Jordan Jain,Fakultät für Physik und Erdsystemwissenschaften,Dynamische Interaktionen zwischen dem Klima- und Zirkulationssystemen: Ein Vergleich von Modellen und Observationen
Reese Lee,Fakultät für Physik und Erdsystemwissenschaften,Komplexe Modelle zur Untersuchung von Interaktionen zwischen magnetischen Schwerkraftfeldern und globaler Bewegung der Erde
Robin Gonzalez,Erziehungswissenschaftliche Fakultät,Die Auswirkungen von digitalen Medien auf das soziale Verhalten von Kindern: Eine empirische Studie zur Verfolgung der langfristigen Auswirkungen in verschiedenen Altersgruppen.
Sydney Flores,Fakultät für Mathematik und Informatik,Entwicklung von neuem Algorithmus zur Vereinfachung grafischer Optimierungen in künstlicher Intelligenz
Riley Patel,Philologische Fakultät,Textvergleiche und Analysen von kunstvollen Sprachmitteln in der mittelalterlichen germanischen Literatur
Alex Garcia,Theologische Fakultät,Die ethischen Implikationen der digitalen Transformation in der katholischen Kirche: Eine Analyse ihrer Auswirkungen auf die Gemeinschaften und ihren Glauben
Robin Jain,Veterinärmedizinische Fakultät,Vielseitige Auswirkungen von Giftpflanzenexposition auf die Gesundheit von Nutztieren: Eine Studie zur Identifikation relevanter Pflanzen mit Beanspruchung von genetischen Merkmalen
Kris Brooks,Fakultät für Lebenswissenschaften,Analyse von Mikrobiomen im Vergleich zum menschlichen Körper in verschiedenen Ökosystemen
Skyler Jain,Wirtschaftswissenschaftliche Fakultät,Analyse der Auswirkungen von Regulierungspolitiken auf die Wettbewerbsfähigkeit in der Finanzbranche
Taylor Brooks,Veterinärmedizinische Fakultät,Optimierung von Impfprogrammen für Katzen gegen Feline Leukämie - Ein Vergleich verschiedener Impfstrategien
Charlie Rivera,Fakultät für Sozialwissenschaften und Philosophie,Exploration of the Impact of Social Media on Political Participation among Young Adults
Reese Liu,Theologische Fakultät,Die Metamorphose des Bösen - Eine theologische Analyse von Erzählungen über das Verlassen der Dunkelheit.
Charlie Campbell,Wirtschaftswissenschaftliche Fakultät,Die Auswirkungen von digitaler Transformation auf mittelständische Unternehmen in der deutschen Wirtschaft
Kris Thomas,Wirtschaftswissenschaftliche Fakultät,"Beiträge der digitalen Transformation zur Nachhaltigkeit in Unternehmen: Eine Analyse von Strategien, Umsetzungshürden und nachhaltigen Ergebnissen"
Skyler Brooks,Veterinärmedizinische Fakultät,Die Auswirkungen von unterschiedlichen Ernährungsgewohnheiten auf die Harnorgane bei Katzen
Dana Brooks,Fakultät für Chemie,Entwicklung neuer Katalysatoren zur Verbesserung von Syntheseverfahren in der organischen Chemie.
Riley Kumar,Theologische Fakultät,Das Verständnis von Gnade in der frühen christlichen Literatur: Eine analysierte Erforschung ihrer darstellenden Techniken.
Kris Flores,Philologische Fakultät,Eine Möglichkeit könnte sein: Lexikografische Überlegungen zur Entwicklung von Wörterbüchern in der digitalen Ära.
Riley Kumar,Fakultät für Physik und Erdsystemwissenschaften,Interaktion von Mikrowellen mit Gesteinsmaterialien im Mars-Regolith für die Entwicklung von Robotern zur In-Situ-Untersuchung
Morgan Singh,Erziehungswissenschaftliche Fakultät,Einführung in die digitalen Medien im Bildungssystem
Jamie Liu,"Fakultät für Geschichte, Kunst- und Regionalwissenschaften",Die Entwicklung moderner Kommunikationsformen im digitalen Zeitalter und ihre Auswirkungen auf die historische Erforschung
Skyler Lee,Veterinärmedizinische Fakultät,Einfluss von unterschiedlichen Kostformen auf die Gesundheit und den Wohlstand von Haustieren: Eine komparative Studie
Avery Jain,Fakultät für Mathematik und Informatik,Die Auswirkungen von künstlicher Intelligenz auf die Mathepädagogik: Eine Untersuchung der Einsatzmöglichkeiten von AI-Technologien in der Lehre
Avery O'Hara,Medizinische Fakultät,Eine Studie zur Wirksamkeit von alternativen Heilmethoden in der Palliativmedizin
Robin Thomas,"Fakultät für Geschichte, Kunst- und Regionalwissenschaften",Die Beziehung zwischen Landsknechten-Kunst und ihren kulturellen Auswirkungen in der Renaissancezeit.
Skyler Brooks,Fakultät für Mathematik und Informatik,Analyse von maschinellen Lernalgorithmen zur Effizienzverbesserung in Programmiersprachekompilierung
Jordan O'Hara,Wirtschaftswissenschaftliche Fakultät,Effektivierung der Supply Chainmanagement-Praktiken in der digitalen Ära: Eine vergleichende Studie zu multinationalen Unternehmen
Robin Clark,Theologische Fakultät,Die Entwicklung von spiritueller Spiritualität in westlichen Gesellschaften: Eine interdisziplinäre Analyse
Devon Reed,Wirtschaftswissenschaftliche Fakultät,Der Einfluss von digitalen Technologien auf die globale Handelsentwicklung: Analyse und Prognosen
Devon Clark,Fakultät für Physik und Erdsystemwissenschaften,Interaktionen zwischen schweren Teilchen und geophysischen Systemen: Eine kohärente Theorie zur Erklärung von Gravitationalgezeiten und Planetenmigration.
Alex Davis,Fakultät für Chemie,Einfluss von Katalysatoren auf die Effizienz von Elektrochemischen Zell-Systemen zur Wassererzeugung
Sydney Thomas,Fakultät für Sozialwissenschaften und Philosophie,Integration und Identität im digitalen Zeitalter: Eine Untersuchung zur Influenz von sozialen Medien auf die konstruierte Identität in der Gegenwart.
Skyler Campbell,Erziehungswissenschaftliche Fakultät,Schulische Leistung und soziale Integration: Ein analysieren von Interaktionsmustern in Bildungsinstitutionen mit Schwerpunkt auf der Förderung einer Vielfalt von Kulturen.
Dana Jain,Fakultät für Chemie,Entwicklung neuer Katalysatoren zur Energiegewinnung aus biologisch abbaubaren Abfällen
Robin Flores,Fakultät für Lebenswissenschaften,Untersuchung der Auswirkungen von Phytochemikalien auf die Entzündung und their metabolische Veränderungen bei verschiedenen Lebensmitteln.
Sydney Liu,Philologische Fakultät,"Eine Möglichkeit, das hätte man auch so aufgestellt - eine mögliche Doktorarbeit für jemanden, der an der Philologischen Fakultät arbeitet, könnte mit folgendem Titel beginnen: Ausgewogene Sprachanalyse im frühen mittelalterlichen angelsächsischen Wortschatz und ihre Auswirkungen auf die Entwicklung des englischen Schriftsprachgebrauchs."
Sydney Chen,Wirtschaftswissenschaftliche Fakultät,Thematischer Titel: Der Einfluss des Digitalisierungspfers auf die Verwaltung von Unternehmensressourcen
Charlie Patel,Juristenfakultät,Vergleich des Wettbewerbsrechts in verschiedenen Rechtsordnungen: eine Untersuchung von rechtlichen Instrumenten zum Schutz von Unternehmerinnen und Unternehmern.
Skyler Reed,Fakultät für Mathematik und Informatik,Analysis of the application of machine learning algorithms in combinatorial optimization problems.
Devon Gonzalez,Philologische Fakultät,Eine sprachliche Entwicklung bei Kindern im digitalen Zeitalter: Ergebnisse einer repräsentativen Langzeituntersuchung
Alex Lee,Philologische Fakultät,Philologische Analyse von Metaphern in mittelalterlichen Minnesängern: Eine kritische Bestandsaufnahme der herkömmlichen Interpretationsmethoden
Robin Patel,Wirtschaftswissenschaftliche Fakultät, Eine Analyse von Marktfaktoren im globalen Kontext
Charlie Chen,Fakultät für Lebenswissenschaften,Veränderungen auf der mikroskopischen Ebene bei Kognitionsentwicklung während Ernährungsverlagerung in Meerschweinchen.
Jamie Clark,"Fakultät für Geschichte, Kunst- und Regionalwissenschaften",The Development and Impact of Street Art in Urban Environments on Community Identity
Casey Brooks,"Fakultät für Geschichte, Kunst- und Regionalwissenschaften",Das Wandern der Grenzen: Entwicklung von regionalen Identitäten in der Kunst des späten Mittelalters und der Renaissance in Europa
Bailey Clark,Fakultät für Chemie,Einfluss von Katalysatoren auf die Umsetzung von Organischen Verbindungen in synthetischer Heterocycluschemie
Robin Kumar,Wirtschaftswissenschaftliche Fakultät,Analysen und Empfehlungen zur optimalen Implementierung von KI-Technologien in der Unternehmensstrategie im Zeitalter der digitalen Transformation
Morgan Flores,Fakultät für Lebenswissenschaften,Die Genetische Modulation von Nervensystemfunktion im Verlauf von Entzündung: Übersetzung von Zellsignalwegabhängigen Genen mit zugeschnittenem Antisense oligonucleotide
Skyler Smith,"Fakultät für Geschichte, Kunst- und Regionalwissenschaften",Die Entwicklung der urbanen Landschaften im mittelalterlichen England: Eine Analyse von Architektur und Urbanisierung
Riley Lee,Theologische Fakultät,Der Einfluss von Spiritualität auf psychologische Gesundheit: eine qualitative Studie
Jordan Reed,Erziehungswissenschaftliche Fakultät,Die Auswirkungen digitaler Technologie auf die Entwicklung pädagogischer Praktiken: Eine kritische Analyse der Integration von Technologie in Bildungssystemen
Casey Reed,Juristenfakultät,Die Einwirkung ganzheitlicher Interventionen auf die Rechtskompetenz von Straftätern nach einer Freigabe aus der Untersuchungshaft
Avery Jain,Veterinärmedizinische Fakultät,Untersuchung von Ernährungsveränderungen auf die Zähnegesundheit hunderter Haustiere: Ein Vergleich zwischen traditionellen und modernen Lebensmitteln
Dana Garcia,Juristenfakultät,Die Entwicklung eines digitalen Argumentationsverfahrens für die Rechtsanwendung
Casey Brooks,Sportwissenschaftliche Fakultät,Die Auswirkungen von Hypnophobie auf die Schlafqualität bei Profisportlern
Jamie Davis,Veterinärmedizinische Fakultät,Die Auswirkungen von natürlichen Pflanzenextrakten auf die Hautgesundheit bei Haustieren
Reese Campbell,Sportwissenschaftliche Fakultät,Die Auswirkungen von mentaler Konzentrationstraining auf Athletenleistung
Taylor Chen,Fakultät für Chemie,Entwicklung von neuartigen Katalysatoren für nachhaltige Verfahren in der chemischen Industrie
Taylor Gonzalez,Fakultät für Lebenswissenschaften,Die Wirkung von Umweltfaktoren auf die Entwicklung von Bakterien in lebensmittelverarbeitenden Umgebungen
Dakota Gonzalez,Philologische Fakultät,Die Verwendung von künstlicher Intelligenz in der digitalen Textanalyse: Ein Umweg zur Erforschung alter Literaturen
Sydney Clark,Sportwissenschaftliche Fakultät,Der Einfluss von Hormonen auf Muskelerholung in Sportlern
Casey Lee,Juristenfakultät,Legalität und Ethik in der Digitalen Transformation: Eine Analyse ihres Veränderungspotenzials im Rechtsbereich
Riley Garcia,Sportwissenschaftliche Fakultät,Der Einfluss von Trainingseinheiten auf die Entwicklung von Athleten in verschiedenen Altersgruppen
Dakota Campbell,Theologische Fakultät,Das religiöse Erlebnis der Menschen in digitalen Umgebungen: Eine interdisziplinäre Untersuchung der Anpassung von theologischen Glaubenssystemen an zeitgenössische digitale Technologien
Taylor Gonzalez,Theologische Fakultät,Eine Untersuchung religiöser Erfahrungen in zeitgenössischer Kunst: Die Konstruktion eines künstlerischen Konvergenzraums für die Theologische Fakultät des Universitätsinstituts.
Jordan Davis,Fakultät für Sozialwissenschaften und Philosophie,Der Einfluss von Migration auf soziale Integration in multikulturellen Gesellschaften
Robin Davis,Medizinische Fakultät,Die Wirkung von körperlicher Bewegung auf die kognitive Leistungsfähigkeit bei älteren Erwachsenen
Kris Liu,Fakultät für Lebenswissenschaften,Beziehung zwischen Pflanzenzüchtungsmethoden und dem Ausbau von Landwirtschaftssystemen
Robin Flores,Medizinische Fakultät,Analyse von genetischen Faktoren in der Entwicklung von Multiple Sklerose: Eine erweiterte Untersuchung von Molekularlevel.
Robin Davis,Philologische Fakultät,Die Entwicklung von digitalen Analysewerkzeugen zur Unterstützung philologischer Texthermeneutik
Charlie Patel,Fakultät für Mathematik und Informatik,Eine Diskrete Optimierungsstrategie zur Energieeffizienzsteigerung in Hybridfahrzeugen
Sam Rivera,Philologische Fakultät,Kritische Analyse von Übersetzungstechniken in der Literaturübersetzung: Eine Untersuchung auf der Grundlage postkolonialer Theorien.
Jamie Campbell,Theologische Fakultät,Das menschliche Bewusstsein im Kontext der theologischen Auslegung
Skyler Flores,Fakultät für Physik und Erdsystemwissenschaften,Interaktion zwischen Gravitation und Gezeiten: Eine empirische Untersuchung an der Fakultät für Physik und Erdsystemwissenschaften
Robin Gonzalez,Fakultät für Chemie,Das Potenzial von Katalysatoren aus bioabbaubaren Materialien für die Effizienzverbesserung von Biomassevergasungsprozessen
Bailey Jain,Wirtschaftswissenschaftliche Fakultät,Konzernstrategien für nachhaltige Erneuerbare Energien - Analyse und Vergleich der Implementierung von CO2-Reduktionsmaßnahmen in Deutschland und den USA.
Morgan Kumar,Fakultät für Physik und Erdsystemwissenschaften,Die Auswirkungen von geomagnetischen Störungen auf globale Klima-Dynamik: Eine erdsystemwissenschaftliche Perspektive.
Riley Brooks,Juristenfakultät,Anwendung von blockchain-Technologie auf den Rechtsbereich: Zukunftsmöglichkeiten und Herausforderungen der Digitalisierung von Rechtsprechung
Reese Clark,"Fakultät für Geschichte, Kunst- und Regionalwissenschaften",Die Rolle von Musik in der protestantischen Reformation: Eine kulturhistorische Analyse
Alex Flores,Wirtschaftswissenschaftliche Fakultät,Der Auswirkung von klimapolitischen Maßnahmen auf die Nachfrage nach erneuerbaren Energien.
Bailey Chen,Fakultät für Physik und Erdsystemwissenschaften,Kopplung von Partikeleigenschaften und gravitativen Effekten in komplexen Systemen kompakter Sterne
Casey Davis,Theologische Fakultät,Die Entwicklung der Verständigung von Glaubenssystemen in den abendländischen Religionen vom Frühen Christentum bis zur Gegenwart: ein vergleichender Ansatz.
Jamie Liu,Fakultät für Chemie,Molekulare Dynamik von Komplexen in Katalytischen Reaktionen: Anwendung von ab intio Methode zur Vorhersage kinetischer Konstanten und Reaktionsmechanismen.
Reese Kumar,Fakultät für Sozialwissenschaften und Philosophie,Die Auswirkungen sozialer Normen auf die menschliche Identitätsentwicklung in der digitalen Ära.
Alex Rivera,Erziehungswissenschaftliche Fakultät,Die Auswirkungen von Bildung auf die soziale Mobilität von Kindern aus niedrigem Einkommensstand.
Morgan Jain,Sportwissenschaftliche Fakultät,Einfluss von unterschiedlicher körperlicher Aktivität auf körperliche Fähigkeiten bei Kindern und Jugendlichen im Laufe der Entwicklung.
Robin Flores,Fakultät für Sozialwissenschaften und Philosophie,Sozialer Wandel und moralische Verantwortung in digitalen Gemeinschaften: Eine philosophische Untersuchung
Riley Flores,Philologische Fakultät,Der Einfluss von Metaphern in der mittelalterlichen Literatur: Eine umfassende Analyse ihrer Verwendung und Entwicklung
Dana Brooks,Theologische Fakultät,Die Entwicklung von Gotteskonzepten im Spannungsfeld von Science-Fiction-Literatur: Eine Diskussion über die Einflüsse moderner Technologie auf religiöses Glaubensbilden.
Alex Lee,Fakultät für Chemie,Development of Novel Catalysts for Efficient Conversion Processes in Green Chemistry.
Riley Clark,Sportwissenschaftliche Fakultät,Genetische Einflüsse auf das athletische Leistungspotenzial in professionellen Sportlern
Riley Singh,Philologische Fakultät,Der Einfluss von Digitale Sprachtechnologie auf Übersetzungstechniken: Eine Analyse und Umsetzung bei der Philologischen Fakultät
Devon Davis,Fakultät für Physik und Erdsystemwissenschaften,Untersuchung der Einflüsse magnetosphärischer Veränderungen auf das Erdmagnetfeld
Skyler Rivera,"Fakultät für Geschichte, Kunst- und Regionalwissenschaften",Die Wandel des kulturellen Erbes in Europa - Von der frühen Steinzeit bis zur Globalisierung
Robin Adams,"Fakultät für Geschichte, Kunst- und Regionalwissenschaften",Kunst und Kultur im Spannungsfeld der sozialen Umbrüche in der Mitte des 20. Jahrhunderts: Eine Untersuchung von Kunstprojekten und kultureller Produktion in Europa und Amerika
Cameron Brooks,Fakultät für Chemie,Effekt von verschiedenen Metall-Nanopartikeln auf die Katalyse von Hydrolysereaktionen im Bereich der organischen Synthese
Dakota Kumar,Erziehungswissenschaftliche Fakultät,Die Auswirkungen moderner Technologie auf die Bildungspraxis: Ein empirisches Untersuchungsdesign für Pädagogen
Taylor O'Hara,"Fakultät für Geschichte, Kunst- und Regionalwissenschaften",Die Entwicklung der ländlichen Kultur und Landnutzung in Süddeutschland im späten Mittelalter: Eine Analyse auf der Grundlage von archivalischen Quellen.
Taylor Adams,Theologische Fakultät,Der Einfluss von Digitalisierung auf die spirituelle Entwicklung
Sam O'Hara,Erziehungswissenschaftliche Fakultät,Anpassung von Sekundarschulern bei dem Übergang in höhere Schulen und ihre Wirkungen auf akademische Leistungen und soziale Entwicklung.
Dana Kumar,Sportwissenschaftliche Fakultät,"Faktoren, die sich auf das Bewegungsverhalten von Profifußballspielern auswirken und ihre Leistungsfähigkeit beeinflussen."
Devon Rivera,Juristenfakultät,Die digitale Transformation des Justizsystems: Auswirkungen auf die Zugänglichkeit von Rechtshilfe für Unternehmen in Deutschland
Dakota Garcia,Wirtschaftswissenschaftliche Fakultät,"Der Auswirkungsbezug von technologischen Innovationen auf die globale Wirtschaftsdynamik - Eine Analyse der Veränderungen in Ressourcennutzung, Produktionsstruktur und internationalen Handelsbeziehungen."
Casey Singh,Erziehungswissenschaftliche Fakultät,Innovative Ansätze zur Förderung von kritischem Denken in Bildungseinrichtungen: Eine case-study-basierte Erforschung der Auswirkungen einer gesteigerten Nutzung von Technologie auf die Leistungen von Schülern
Cameron Chen,Fakultät für Chemie,Entwicklung von Neuronalen Netzen zur Vorhersage chemischer Reaktionen und deren Optimierung in künstlichen chemischen Prozessen
Alex Adams,Veterinärmedizinische Fakultät,Erkundung der Wirkungen von Tierernährung auf die Gesundheit von Haustieren
Jamie Smith,Fakultät für Lebenswissenschaften,Einfluss von Umweltfaktoren auf die Entwicklung von Regenerationsmechanismen in Pflanzen
Skyler Singh,Sportwissenschaftliche Fakultät,Erfolgreiche Ablaufmuster in Sport-Trainingsprogrammen für Amateure
Avery Flores,Medizinische Fakultät,Die Auswirkungen von Vitamin-D-Nachhaltigkeit auf die Immunfunktion bei HIV-positiven Patienten: Eine Langzeitstudie.
Alex Gonzalez,Fakultät für Chemie,Development of Novel Nanomaterial-Based Catalyst Systems for Efficient Hydrogen Generation from Water
Dana Flores,Fakultät für Physik und Erdsystemwissenschaften,Analyse der Effekte von CO2-Emissionen auf die Dynamik des Atmosphärenverdunstungsvorgangs
Bailey Chen,Fakultät für Lebenswissenschaften,Optimierung von Nahrungsmittelverarbeitungsprozessen im Hinblick auf die Verlängerung der Lagerfähigkeit von Lebensmitteln
Jamie Flores,Medizinische Fakultät,Entwicklung neuer therapeutischer Ansätze zur Behandlung von Chronischer Schmerz Syndrom
Morgan Clark,Fakultät für Physik und Erdsystemwissenschaften,Integrierte Analyse der Tektonik-hydrothermischen Interaktionen in erweiterten geothermalen Systemen.
Morgan Gonzalez,Philologische Fakultät,Die Entwicklung der deutschen Sprache im späten Mittelalter: Eine Untersuchung des Wortschatzes und seiner Bedeutungsentwicklung
Jordan Patel,Veterinärmedizinische Fakultät,Angewandte Erforschung von natürlichen Antibiotika zur Behandlung bakterieller Infektionen bei Haustieren
Devon Singh,Medizinische Fakultät,Evaluation von Patienteneingangsdiagnostischen Verfahren in der onkologischen Chirurgie
Riley Garcia,Fakultät für Sozialwissenschaften und Philosophie,Soziale Gerechtigkeit im digitalen Zeitalter: Eine Untersuchung der Auswirkungen von Technologie und sozialen Medien auf die Ungleichheit
Robin Campbell,Juristenfakultät,Die Entwicklung und Anwendung von KI-Technologien in der Gerichtsverfahrensführung
Reese Jain,Theologische Fakultät,Die Entwicklung des christlichen Verständnisses von Gott im Zeitalter der Gegensätze: Eine kritische Analyse einflussreicher theologischer Beiträge
Kris Clark,Fakultät für Physik und Erdsystemwissenschaften,Erkundungen der schwerkraftlosen Bewegung von Wirbeln in einem Magnetfeld
Charlie Singh,Wirtschaftswissenschaftliche Fakultät,"Soziale Effekte von digitaler Transformation in Unternehmen: Eine Untersuchung zur Auswirkung auf Arbeitsbedingungen, Innovationsfähigkeit und Nachhaltigkeitsbewusstsein."
Devon Thomas,Fakultät für Chemie,"Nanoparticle-based Catalysts for Efficient Hydrogen Production: Synthesis, Characterization and Application."
Devon Campbell,Fakultät für Lebenswissenschaften,Der Einfluss von Natursalz auf das Wachstum und Stoffwechsel von Nitrifikationshefen in kompostierten Abfallstoffen
Reese Garcia,Theologische Fakultät,Eine kritische Analyse der Beziehung zwischen christlicher Spiritualität und spiritueller Erfahrung im zeitgenössischen Leben
Casey O'Hara,Fakultät für Chemie,Entwicklung von nachhaltigen Katalysatoren zur Herstellung von synthetischen N-acetylglucosamine aus natürlichen Rohstoffen für die Biotechnologie
Morgan Chen,Erziehungswissenschaftliche Fakultät,Die Wirkungen einer Inkludierenden Bildungspraxis auf Schülerinnen und Schüler mit speziellem Förderbedarf in der Primarstufe
Sam Adams,Medizinische Fakultät,Analyse von Verbrauchernährung und ihrer Auswirkungen auf die körperliche Gesundheit der Studierenden an der Medizinischen Fakultät.
Sam Reed,Fakultät für Mathematik und Informatik,Optimierung von Algorithmen zur Parallelisierung von KI-Netzwerken in großen Datenbanken.
Charlie Campbell,Fakultät für Physik und Erdsystemwissenschaften,Die Zusammenführung von physikalischen und erdökologischen Modellen zur Analyse der Klimaveränderungen
Dakota Smith,Erziehungswissenschaftliche Fakultät,Erfolgsfaktoren im digitalen Zeitalter: Die Auswirkungen von Technologie auf die Schülerbildung
Dakota Singh,Sportwissenschaftliche Fakultät,Entwicklung von Trainingsprogrammen basierend auf individuellen Bewegungsabläufen: ein innovatives Ansatz zur Optimierung der sportlichen Leistung
Charlie Lee,Philologische Fakultät,Aufdeckendes der Sprachgenese des Altgriechischen: Eine Analyse der Syntax in Homers Ilias als Spiegel der frühen griechischen Sprache
Riley Kumar,Theologische Fakultät,Die Rolle von Spiritualität in der geistigen Gesundheit: Ein qualitativer Ansatz
Devon O'Hara,Fakultät für Mathematik und Informatik,Effiziente Algorithmen zur Lösung NP-schwerer Probleme in der Kryptographie
Taylor Adams,Erziehungswissenschaftliche Fakultät,Der Einfluss von Elternbildung auf die Akademischen Leistungen von Studierenden: Eine empirische Untersuchung
Avery Kumar,Wirtschaftswissenschaftliche Fakultät,Evaluierung der Auswirkungen von Kryptogeldtechnologie auf die globale Finanzindustrie
Avery Lee,Fakultät für Lebenswissenschaften,Genetische Manipulation von Zebrafish zur Erforschung der Wirkungen des Diabetes auf die Herz-Kreislauf-Funktion
Sam Singh,Juristenfakultät,Vergleich der Auswirkungen von Online-Unterricht auf die Leistung von Jurastudenten vs traditionellem Unterricht
Devon Singh,Fakultät für Physik und Erdsystemwissenschaften,Erkundung von gravitativen Wellen in interstellaren medizinischen Einheiten: Die Auswirkungen auf mikroskopische Lebenserhaltungssysteme.
Taylor Brooks,Sportwissenschaftliche Fakultät,Die Auswirkungen von HIIT-Trainings auf die geistige Gesundheit von sportlichen Athleten
Dakota Clark,Fakultät für Chemie,Investigation of Novel Nanomaterials for Photovoltaic Applications
Kris Adams,Fakultät für Physik und Erdsystemwissenschaften,Entwicklung von hochauflösenden Simulationsmodellen zur Untersuchung interaktiver Prozesse zwischen der Atmosphäre und dem Klimasystem
Charlie Lee,Juristenfakultät,Der Schutz von Verbrauchern bei Online-Transaktionen unter bestimmten nationalen Gesetzen.
Jordan Thomas,Sportwissenschaftliche Fakultät,Das Thema könnte sein: Die Auswirkungen eines hochintensiven Trainingsprogramms auf die körperlichen Leistungsfähigkeiten von professionellen Fußballspielern während der Saison.
Bailey Campbell,Fakultät für Chemie,Entwicklung von kostengünstigen Katalysatoren auf Basis von Nanotechnologie zur Verbesserung der Regeneration degradierter Abfälle
Alex Lee,Erziehungswissenschaftliche Fakultät,Einfluss von digitalen Technologien auf die Schülerinnen- und Schülerbildung in Zeiten der Globalisierung
Devon Gonzalez,Fakultät für Lebenswissenschaften,Die Wirkung von verschiedenen Diätplänen auf die mikrobiellen Populationen im Dünndarm von übergewichtigen Jugendlichen
Jamie Gonzalez,Fakultät für Lebenswissenschaften,Erkundung der effektiven Nahrungsaufnahme von Mikrovorkommen in komplexen biologischen Systemen unter variierenden Umweltbedingungen
Sam Flores,Fakultät für Sozialwissenschaften und Philosophie,Das Konzept der Identität in neuzeitlichen philosophischen Diskursen
Charlie Kumar,Veterinärmedizinische Fakultät,Investigationen über das Potenzial von künstlicher Intelligenz bei der Früherkennung und Behandlung von Tierkrankheiten unter Berücksichtigung von Vornotfalldaten in der Veterinärmedizin
Devon Thomas,Philologische Fakultät,Die kulturellen Aspekte von Sprachgebrauch im mittelalterlichen Europa: Eine Diskussion über die Auswirkungen sozialer und politischer Veränderungen auf die Entwicklung der Schriftsprache.
Dana Lee,Fakultät für Physik und Erdsystemwissenschaften,Untersuchungen zeitlicher Variationen von magnetischen Feldverhalten in geophysikalischen Prozessen und ihren Auswirkungen auf das Erdsystem
Cameron Thomas,"Fakultät für Geschichte, Kunst- und Regionalwissenschaften","Die Entwicklung der ländlichen Lebensgemeinschaften in Europa im Mittelalter: Soziale Strukturen, Wirtschaftsanpassungen und kulturelle Wechselbeziehungen"
Bailey Garcia,Wirtschaftswissenschaftliche Fakultät,Analyse der Auswirkungen von digitalen Transformationen auf die Geschäftsmodelle im globalen Handelssektor.
Sam Liu,Fakultät für Mathematik und Informatik,Entwicklung eines fortschrittlichen Künstlichen Intelligenz-Algorithmus zur Lösung komplexer Optimierungs-Probleme in der Informatik.
Dana Singh,Philologische Fakultät,Analyse des viktorianischen Sprachgebrauchs im britischen Literaturprosa: Ein quantitativer Vergleich der Wortverwendung zwischen männlichen und weiblichen Autoren
Sydney Adams,Fakultät für Lebenswissenschaften,Die Auswirkungen von Pflanzendüngung auf das mikrobielle Ökosystem in pflanzenabhängigen Ökosystemen: Eine Untersuchung der potenziellen Konsequenzen für die Widerstandsfähigkeit und Stabilität
Charlie Lee,"Fakultät für Geschichte, Kunst- und Regionalwissenschaften",Die Rolle von Handwerks- und Gewerbefamilien in der Entwicklung der mittelalterlichen Städte
Jamie Liu,Medizinische Fakultät,Integrierte Verfahren zur Echtzeitverfolgung von Covid-19 Infektionen
Sydney Rivera,Wirtschaftswissenschaftliche Fakultät,Die Auswirkungen der Digitalisierung auf die Arbeitsteilung im globalen Handel
Alex Adams,Fakultät für Physik und Erdsystemwissenschaften,Interaktion von Materie und Energie in komplexen kosmischen Systemen
Robin Smith,Erziehungswissenschaftliche Fakultät,Einfluss der Schulkultur auf das Leistungsumfangsverhalten von Schülern: Eine erzieherpsychologische Perspektive
Kris Davis,Juristenfakultät,Nutzen von künstlicher Intelligenz bei Gerichtspflegerechtsprechung: Potenziale und Herausforderungen
Dana Brooks,Theologische Fakultät,Die Rolle des Glaubens in der geistigen Gesundheit
Jordan O'Hara,Fakultät für Chemie,Effektive Auffangmethoden von Sonnenenergie mit modifizierten Photokatalysatoren in chemischen Reaktionen
Skyler Patel,Fakultät für Chemie,Synthese und Charakterisierung von neuartigen Katzen-Chemikalien zur Entwicklung nachhaltiger Katalysatoren
Charlie Flores,Medizinische Fakultät,Vergleich von chirurgischen Methoden bei Patienten mit akuten appendikalischen Appendektomien
Alex Campbell,Theologische Fakultät,Eine mögliche Thematik für eine Doktorarbeit auf dem Gebiet der Theologie könnte sein: Das Konzept des göttlichen Vorhersehens im christlichen Glaubenssystem.
Riley Chen,Fakultät für Chemie,Entwicklung neuartiger Katalysatoren zur Verbesserung chemischer Prozesse und Effizienz: Die Rolle von Rare Earth Metallen in der Katalyse bei niedrigen Temperaturen
Skyler Reed,Fakultät für Sozialwissenschaften und Philosophie,Der Einfluss von virtueller Realität auf soziale Interaktionen: Eine empirische Studie unter Universitätsstudenten
Robin Lee,Erziehungswissenschaftliche Fakultät,Die Auswirkungen von digitalen Technologien auf die Entwicklung von sozialen Kompetenzfähigkeiten unter Kindern in der heutigen Bildungseinstaltung
Taylor Brooks,Medizinische Fakultät,Klinische Studie zur Wirksamkeit von Magnetbeschleunigungstherapie bei der Behandlung von chronischer Schmerzbehaftung in Patienten mit Fibromyalgiesyndrom
Avery Flores,Sportwissenschaftliche Fakultät,Die Auswirkungen von regelmäßiger körperlicher Aktivität auf die kognitive Leistungsfähigkeit in der Altersgruppe der Athleten zwischen 18-25 Jahren: Eine quantitative Analysen
Dakota Rivera,Sportwissenschaftliche Fakultät,Die Auswirkungen von Trainingsmethoden auf Muskeladaptationen bei hochkompetenten Athleten.
Jamie Thomas,Wirtschaftswissenschaftliche Fakultät,Einfluss von Digitalisierung auf die globale Anpassungsfähigkeit von Unternehmen
Dana Flores,Erziehungswissenschaftliche Fakultät,Der Einfluss von Online-Mitteln auf das akademische Lernverhalten von Schülerinnen und Schülern.
Charlie Adams,Veterinärmedizinische Fakultät,Effekt von Lebensmittelsensoren auf die Gesundheit von Haustieren
Sydney O'Hara,Juristenfakultät,Einführung eines digitalen Fallmanagement-Systems zur Optimierung von Studien und Lehrveranstaltungen für Rechtswissenschaftlern
Kris Patel,Wirtschaftswissenschaftliche Fakultät,The Economic Impact of Renewable Energy Incentives in Developing Countries: An Analysis of Policy Design and Implementation
Morgan Kumar,Theologische Fakultät,Die Verwicklungstheorie: Eine Analyse von Spannungen in religiösen Traditionen und ihren Auswirkungen auf das menschliche Leben
Robin Liu,Theologische Fakultät,Innovative Methoden der spirituellen Gesundheitsförderung in zeitgenössischen religiös-philosophischen Überlegungen: Eine Analyse ihrer Auswirkungen auf das Leben moderner Individuen
Kris Kumar,Wirtschaftswissenschaftliche Fakultät,Evaluierung der Auswirkungen der Digitalisierung auf das globale Handelsystem
Alex Singh,Sportwissenschaftliche Fakultät,Effekt von Sportbetrieb auf Gehirnfunktionen: Eine Untersuchung zur Veränderung der Hirnbildgebung und -aktivität nach regelmäßiger körperlicher Aktivität
Dakota Gonzalez,Juristenfakultät,"Der Einfluss von digitalen Plattformen auf Rechtskommunikation: Eine Analyse der Änderungen im Erscheinungsbild des Verfassen, Verbreitens und Vertiefens von rechtlichen Argumentationslinien"
Dana Patel,Fakultät für Physik und Erdsystemwissenschaften,Integration von Big Data-Analysen in die Physik und Geo-Wissenschaftliche Fahigkeiten: Eine Fallstudie zur Echtzeitberechnung geologischer Entwicklungszusammenhänge
Skyler Flores,"Fakultät für Geschichte, Kunst- und Regionalwissenschaften",Die Entwicklungskonzepte in der regionalen Kunst im Laufe des 20. Jahrhunderts: Eine Analyse aus historischer und soziologischer Perspektive
Bailey Adams,Theologische Fakultät,Der Einfluss von Spiritualität auf die psychische Gesundheit im Zeitalter der Digitalisierung: Eine qualitative Untersuchung
Skyler Clark,Fakultät für Physik und Erdsystemwissenschaften,Effektive Nutzung von Satellitenbeobachtungstechniken zur Untersuchung der Dynamik der Eisbäder im Arktischen Ozean
Bailey O'Hara,Sportwissenschaftliche Fakultät,Einfluss von Trainingsintensität auf die Stressreaktion und das Wettbewerbsverhalten unter Wettkampfbedingungen bei Sportlern
Riley Gonzalez,Fakultät für Mathematik und Informatik,Anwendung von Maschinellen Lernalgorithmus in der Berechnung von Optimierungssystemen für lineare Programmierung
Riley Thomas,Fakultät für Lebenswissenschaften,Das Wachstum von Gewebszellen unter den Auswirkungen von Stresshormonen: Eine Studie zur Veränderung von Zellstruktur und Zellbiologie in der experimentellen Modellierung des Stressreizens im In-Vitro-System.
Bailey Flores,Sportwissenschaftliche Fakultät,Einfluss von verschiedenen Trainingsmethoden auf die Leistung bei Marathonläufen
Sydney Clark,Philologische Fakultät,Die Entwicklung von Sprachgespänken in modernen digitalen Umgebungen.
Avery Flores,Fakultät für Lebenswissenschaften,Einführung in biologische Methoden und Techniken in der modernen forschungsintensiven Tierhaltung
Avery Rivera,Juristenfakultät,"Der Einfluss von Technologie auf die Rechtsprechung: Eine analysierende Studie über die Veränderungen, effektiven Werkzeuge und Herausforderungen im Bereich digitalisierter Gerichtshöfe."
Bailey Garcia,Wirtschaftswissenschaftliche Fakultät,"Der Einfluss der digitalen Technologie auf die Marktstruktur, den Handel und die Unternehmensstrategie in der Globalisierungszeit"
Charlie Garcia,Fakultät für Sozialwissenschaften und Philosophie,Einführung von ethischen Begründungen für den Einsatz von KI in sozialer Arbeit: Ein Beitrag zur Entwicklung nachhaltiger Praktiken
Charlie Reed,Sportwissenschaftliche Fakultät,Der Einfluss von mentalen Einsatzfaktoren auf die Leistung von Eishockeygeschwindigkeitsspielern
Avery Thomas,Wirtschaftswissenschaftliche Fakultät,Kryptowährungen im internationalen Handel: Einflussfaktoren auf Effizienz und Preisbildung
Avery Lee,Fakultät für Physik und Erdsystemwissenschaften,Erkundung von gravitativen Wellen und ihre Auswirkungen auf die Geophysik und Seismologie
Jamie Liu,Juristenfakultät,Die Auswirkungen von technologischen Innovationen auf das Rechtssystem: Ein Vergleich zwischen der europäischen Union und den Vereinigten Staaten von Amerika
Sydney Lee,Wirtschaftswissenschaftliche Fakultät,Die Auswirkungen von künstlicher Intelligenz auf die globale Wettbewerbsfähigkeit von Unternehmen
Bailey Adams,Fakultät für Mathematik und Informatik,Analyse der Effizienz von Parallelisierungstechniken in rechenintensiven Algorithmen
Bailey Flores,Wirtschaftswissenschaftliche Fakultät,Challenges and Opportunities in the Implementation of Renewable Energy Technologies: A Case Study of Small and Medium-Sized Enterprises in Germany
Skyler Smith,Juristenfakultät,Die Entwicklung von Ethikstandards für technologische Innovationen in der Rechtsberatung
Morgan Jain,Philologische Fakultät,Analysen von Sprachwechseln in modernen sozialen Medien: Eine philogologische Perspektive.
Dakota Jain,Sportwissenschaftliche Fakultät,Optimierung von Trainingsprogrammen in der Sportwissenschaft: Ein vergleichender Ansatz zur Verbesserung von Leistung und Gesundheit bei Athleten.
Morgan Thomas,Medizinische Fakultät,Erhaltung von Zellfunktion und Organfunktionalität bei akuten Verletzungen: eine Studie zur Anwendung von Kallikrein-Kininkomplexen
Taylor Brooks,Veterinärmedizinische Fakultät,Genetische Variabilität und Beziehung zu gesundheitlichen Erbgutveränderungen bei Katzen
Dakota Reed,Fakultät für Lebenswissenschaften,Einfluss von bestimmten Nahrungsmittelzusatzstoffen auf die Stoffwechselaktivität von Zuckerpflanzen
Bailey Smith,Fakultät für Chemie,Investigating the Catalytic Properties and Applications of Nanostructured Metal-Organic Frameworks in Heterogeneous Catalysis
Cameron Davis,Fakultät für Mathematik und Informatik,Analyse der Effizienz von quantenvertauschungsbasierten Algorithmen in der maschinellen Lernung
Avery Jain,Fakultät für Sozialwissenschaften und Philosophie,Soziale Bewegungen und ihre Auswirkungen auf die Politik in Europa im 20. Jahrhundert sein.
Robin Gonzalez,Philologische Fakultät,Linguistische Analyse von Digitalen Sprachlernwerkzeugen im Kontext der modernen Lingustik
Sam Chen,Veterinärmedizinische Fakultät,Die Auswirkungen von Altern der Tiere auf ihr Verhalten und ihre Gesundheit: Eine Diskussion der im Zusammenhang stehenden Umweltfaktoren.
Morgan Campbell,Wirtschaftswissenschaftliche Fakultät,Der Einfluss von digitalen Transformationstechnologien auf die globale Wettbewerbsfähigkeit von Unternehmen
Sydney Campbell,Philologische Fakultät,Das sprachliche Erlebnis der digitalen Welt: Analyse von digitalen Sprachgesprächsmodellen in der Philologie
Riley Flores,Juristenfakultät,Die Anwendung von Neural Netzwerken in der Rechtsanwaltsbranche: Möglichkeiten und Herausforderungen
Avery Jain,Fakultät für Physik und Erdsystemwissenschaften,Die Auswirkungen von Methanhydratformation auf das Klimasystem: Eine Analyse mitten im Arktischen Ozean
Jamie Brooks,Fakultät für Chemie,Entwicklung neuer Methoden zur Synthese von Chiralen in der organischen Chemie
Alex Brooks,Fakultät für Chemie,Entwicklung von nahtlosen Superkapazitätsgeräten: Eine Erforschung neuer Materialien und Herangehensweisen
Skyler Chen,Medizinische Fakultät,Die Auswirkungen von Medikamenten auf die Gehirnchemie bei patienden mit Schlaflosigkeit
Charlie Davis,Juristenfakultät,"Der Einfluss von Artificial Intelligence auf die Zukunft rechtlicher Dienstleistungen: Eine Analyse des Potenzials, Herausforderungen und ethischen Implikationen"
Dakota Thomas,Sportwissenschaftliche Fakultät,Analyse der Auswirkungen verschiedener Trainingsprogramme auf die Leistung von Sportlern: Eine quantitative Studie
Jamie Brooks,Wirtschaftswissenschaftliche Fakultät,Der Einfluss von Blockchain-Technologie auf die globale Geschäftslandschaft: Chancen und Herausforderungen
Dakota O'Hara,Fakultät für Mathematik und Informatik,Entwicklung von automatisierten Wissensbasen zur Erhöhung der Leistung bei Programmieraufgaben
Dana Garcia,Erziehungswissenschaftliche Fakultät,Vergleich von Lernmethoden in der Grundschule zum Verständnis einer bestimmten Fachdidaktik
Sydney Gonzalez,"Fakultät für Geschichte, Kunst- und Regionalwissenschaften",Die Entwicklung und Ausbreitung von kunstgewerblichen Gischttechniken im späten 19. und frühen 20. Jahrhundert in Europa
Devon Singh,Sportwissenschaftliche Fakultät,Auswirkungen von mentaler Visualisierung auf Athletenleistung und Trainingsverlauf in verschiedenen Sportarten
Dakota Reed,Wirtschaftswissenschaftliche Fakultät,Wirtschaftliche Auswirkungen von Künstlicher Intelligenz auf Produktivität in der Unternehmenslünderung
Sydney Kumar,Fakultät für Lebenswissenschaften,Der Einfluss von pflanzlichen Aminosäuren auf die menschliche Gehirnfunktion.
Devon Smith,Juristenfakultät,"Juristische Anwendung von künstlicher Intelligenz in rechtlichen Datenbanken: Potenziale, Herausforderungen und ethische Implikationen"
Dana Singh,Theologische Fakultät,Die philosophischen Implikationen von Glaubensdynamiken im Kontext moderner religiöser Debatten
Riley Campbell,Theologische Fakultät,Das göttliche Wesen und seine Auswirkungen auf die Entwicklung von Ethischen Prinzipien in christlichen Denkströmungen
Cameron Jain,Philologische Fakultät,Der Einfluss digitaler Technologie auf die Sprachentwicklung: Eine Analyse vergleichernder Studien zur Echtheitsprache in der digitalen Ära
Casey Campbell,Fakultät für Chemie,Effektivität von katalytischen Verfahren bei der Umsetzung der Elektrochemischen Gasgewinnung
Avery Garcia,Philologische Fakultät,Der Einfluss von kulturellen Bühnendramen auf das deutsche Sprachgebrauch im 18. Jahrhundert
Jordan Singh,Theologische Fakultät,Die Interaktion zwischen Glaubenswahrheiten und sozialen Wirklichkeiten: Eine transkulturelle analysierte Herangehensweise an die Entwicklung religiöser Denkweisen
Charlie Smith,Juristenfakultät,"Die Auswirkungen von Artificial Intelligence auf das juristische System in Nordamerika: Eine Analyse ihrer Relevanz, Chancen und Risiken"
Cameron Patel,Medizinische Fakultät,Eine systematische Analyse der Wirksamkeit von Glycine in der Behandlung von Schlafstörungen: Eine randomisierte kontrollierte Studie.
Dakota Liu,Sportwissenschaftliche Fakultät,Die Auswirkungen von mentaler Toughness auf sportliche Leistung
Robin Chen,Erziehungswissenschaftliche Fakultät,Effekte von Digitalisierung auf die Schülerentwicklung: Eine empirische Untersuchung in Deutschsprachigen Schulen
Avery Adams,"Fakultät für Geschichte, Kunst- und Regionalwissenschaften",Der Einfluss von lokalen Traditionen auf die Entwicklung moderner Kunstbewegungen in Europa vom 19. bis zum frühen 20. Jahrhundert
Kris Rivera,Fakultät für Chemie,Investigation of the potential application of graphene oxide in catalytic processes as a sustainable alternative
Sam Kumar,Wirtschaftswissenschaftliche Fakultät,Die Auswirkungen von digitaler Transformation auf die globale Handelsstruktur
Dana Singh,Sportwissenschaftliche Fakultät,Das Verständnis von physiologischer Belastbarkeit bei Eliteathleten in verschiedenen Trainingsphasen
Bailey Garcia,Fakultät für Physik und Erdsystemwissenschaften,Einfluss von Geomagnetischen Störungen auf die Dynamik von Plasmaströmen in der Erdatmosphäre
Morgan Patel,Theologische Fakultät,Das Verständnis von Prädestination in verschiedenen religiösen Traditionen: Eine vergleichende theoretische Analyse.
Riley Clark,Wirtschaftswissenschaftliche Fakultät,Analyse von Konsumgewohnheiten im digitalen Zeitalter: Eine Studie zu den Auswirkungen sozialer Medien auf das Verbraucherverhalten
Skyler Davis,Medizinische Fakultät,Die Effekte von Hypnose auf die Erhaltung der kognitiven Funktionen bei Alzheimer-Patienten
Sydney Reed,Fakultät für Chemie,Identifizierung und Optimierung von Katalysatoren zur Verbesserung der effizienten Wasserstoffproduktion durch Elektrolyse
Skyler Garcia,Fakultät für Physik und Erdsystemwissenschaften,Die Rolle des Sonnenlichtes in der Entwicklung von Lebensformen auf anderen Planeten
Cameron Kumar,Juristenfakultät,Die Entwicklung eines integrierten Rahmens zur Schnittstellenanalyse im Rechtsbereich
Sydney Davis,Medizinische Fakultät,Die Auswirkungen von Aerobiczuchtung auf die Funktion des Herzens bei chronischer Herzkrankheit
Riley Flores,Fakultät für Lebenswissenschaften,Beziehungen zwischen pflanzlichen Phytochemikalien und Krankheitsprävention im Rahmen von Diätetischen Interventionen
Reese Adams,"Fakultät für Geschichte, Kunst- und Regionalwissenschaften",Rezeption von Hip-Hop-Kultur in der Europäischen Union: Eine historische und soziologische Untersuchung
Reese Jain,Philologische Fakultät,Die Entwicklung von Sprachmodellen zur Wiedergabe historischer deutscher Texte
Morgan Brooks,Sportwissenschaftliche Fakultät,Die Auswirkungen intensiver Trainingseinheiten auf die Leistungsfähigkeit von Athleten bei langanhaltenden Wettbewerben.
Dakota Thomas,Medizinische Fakultät,Hepatitis C Virus (HCV) Inhibition und Steuerung von Replikation durch phytochemical-basierten Therapien
Avery Smith,Fakultät für Lebenswissenschaften,Analyse der Auswirkungen von Antioxidantien auf die menschliche Fettverdauung und -aufnahme.
Dakota Flores,Medizinische Fakultät,Die Auswirkungen von menschlichen Interaktionen auf den Blutdruck bei Patienten mit Hypertonie
Taylor Jain,Fakultät für Sozialwissenschaften und Philosophie,Entwicklung von Pädagogikstrategien für virtuelle Klassenzimmer in der digitalisierten Gesellschaft
Avery Clark,Fakultät für Physik und Erdsystemwissenschaften,Einfluss von Vulkanismus auf die Atmosphäre und Klima der Erde
Cameron Adams,Fakultät für Mathematik und Informatik,Entwicklung hochperformanter maschineller Lernalgorithmen zur Analyse komplexer mathematischer Strukturen.
Devon Patel,Fakultät für Mathematik und Informatik,Die Anwendung von Topologischen Methoden zur Lösung komplexer Probleme in der Optimierung und KI.
Taylor Flores,Juristenfakultät,Der Einfluss technologischer Innovationen auf die Rechtsprechung: Eine Untersuchung der Auswirkungen von KI-Systemen in rechtswissenschaftlichen Prozessen
Robin Kumar,Fakultät für Lebenswissenschaften,Feinverzweigungen von Mitochondrien in pflanzlichen Zellen: Eine Untersuchung zur Struktur-Funktions-Beziehung
Cameron O'Hara,Fakultät für Physik und Erdsystemwissenschaften,Feinscalige Analyse der Auswirkungen anthropogener Aktivitäten auf die Dynamik Erdschichten
Charlie Jain,Wirtschaftswissenschaftliche Fakultät,Die Auswirkungen von digitalen Transformation und -innovation auf Produktivität in der globalisierten Wirtschaft
Cameron Garcia,Philologische Fakultät,Linguistische Analyse des digitalen Sprachgebrauchs in einer internationalen Online community: Zum Wandel der kommunikativen Praktiken
Cameron Adams,Philologische Fakultät,The Evolution of German Vernacular Linguistic Features in Modern Literature
Cameron Smith,Fakultät für Mathematik und Informatik,Analyse von Algorithmen zur Optimierung der Blockchain-Transaktionsverarbeitungsmethode.
Jamie O'Hara,Medizinische Fakultät,Anwendung von maschinellem Lernen in der medizinischen Bildgebung
Charlie Lee,Philologische Fakultät,Der Vergleich von mittelalterlichen textex-Schriftsprachen mit ihren entsprechenden Modernisierungen: Eine Linguistikstudie zur Entwicklung der deutschen Sprache über zwei Jahrhunderte.
Casey Campbell,Fakultät für Lebenswissenschaften,Effekte von Mikroplastik auf menschliche und tierische Organismen: Eine umfassende Recherche zur Toxizität und Umweltausbreitung
Jordan Liu,Erziehungswissenschaftliche Fakultät,Das Einfluss des Online-Lernen auf die Entwicklung von Lesefähigkeiten bei Kindern in verschiedenen Bildungsniveaus
Avery Gonzalez,Erziehungswissenschaftliche Fakultät,Quantitative Analyse der Auswirkungen von Bildungspolitikmaßnahmen auf soziale Ungleichheit in pädagogischen Institutionen
Morgan Adams,Erziehungswissenschaftliche Fakultät,Der Einfluss von Familienerziehung und Schulbildung auf den sozialen Wandel bei Jugendlichen im globalisierten zeitgenössischen Deutschland
Devon O'Hara,Wirtschaftswissenschaftliche Fakultät,Der Einfluss von Innovationen auf die Nachfrage nach fortschrittlichen technologischen Produkten in der digitalisierten Wirtschaft
Riley Liu,Theologische Fakultät,Der Einfluss von religiöser Überzeugung auf die Entwicklung einer moralischen Weltanschauung: Eine erkenntnisorientierte Analyse
Avery Campbell,Fakultät für Lebenswissenschaften,Die Wirkungen von Pflanzenextrakten auf die Erregbarkeit von Muskelzellen: Eine Studie am Beispiel von Quitte und Kürbisschale
Jamie Patel,Veterinärmedizinische Fakultät,Ein Thema für eine Dissertation über das Gesundheitswesen von Haustieren könnte sein: Die Auswirkungen von Obesität auf die Lebensqualität von Haushunden.
Skyler Kumar,Theologische Fakultät,Neue Horizonte in der christlichen Spiritualität: Eine empirische Untersuchung von Geistlichkeit und Erfahrungen von Gläubigen im digitalen Zeitalter.
Sam Garcia,Philologische Fakultät,Entwicklung und Anwendung eines computertomerbasierten Instrumentes zur Untersuchung von Umgangssprache und literarischen Texten im Kontext der europäischen Migrationsgeschichte
Alex Patel,Fakultät für Lebenswissenschaften,Molekulare Mechanismen der Chlorophyll-Biosynthese bei höheren Pflanzen
Cameron Jain,Juristenfakultät,Die Bedeutung des Data Protection Laws in digitalen Gesellschaften: Eine Rechtstheorie für den Aufbau einer stärkeren Datenschutzinfrastruktur
Bailey Reed,Veterinärmedizinische Fakultät,"Erkundung von genetischen Variationen beim Hunden, um das Verständnis von individuellen Unterschieden in Widerstandsfähigkeit und gesundheitlichen Erhaltung zu verbessern"
Jamie Smith,Veterinärmedizinische Fakultät,Analyse von Veränderungen im Ernährungsmuster bei Katzen unter den Bedingungen verändertem menschlichem Lebensstil
Robin Rivera,Medizinische Fakultät,Erkundung von Zell-mikrobiologischen Interaktionen in chronischer entzündlicher Erkrankung der Darm
Cameron Rivera,Juristenfakultät,Empirische Untersuchung zur Analyse der Rechtsentwicklung in Bezug auf die Einschränkungen des rechtlichen Schutzraums im digitalen Zeitalter
Taylor Brooks,Fakultät für Sozialwissenschaften und Philosophie,Anpassungsfähige Strategien zur Förderung von sozialer Integration im digitalen Zeitalter
Riley Campbell,Fakultät für Lebenswissenschaften,Die Auswirkungen von Umweltfaktoren auf die mikrobielle Kommunität in verschiedenen ökologischen Nischen: Eine Studie zur Biodiversität im Bereich der Lebenswissenschaften.
Kris Singh,Fakultät für Physik und Erdsystemwissenschaften,Entwicklung von innovativen Technologien zur Messung von seismischen Wellengängen im Rahmen der Geophysikalischen Untersuchungen innerhalb des Erdsystems
Alex Smith,Fakultät für Physik und Erdsystemwissenschaften,Eine neue Methode zur Simulation von Nanometer-Wertern in geologischen Strukturen: Ein Beitrag zur Entwicklung fortschrittlicher Erdbebenpräventionsmaßnahmen
Sydney Thomas,Philologische Fakultät,Die Transformation von mittelalterlicher Literatur in moderne Adaptionen: Eine philologische Analyse.
Taylor Flores,Sportwissenschaftliche Fakultät,Die Auswirkungen von Meditation auf die Leistung von Athleten in Kombinationsdisziplinen
Charlie Lee,Medizinische Fakultät,Die Auswirkungen von hochintensiver Wiederholung auf die geistige Leistungsfähigkeit von Medizinstudierenden.
Bailey Campbell,Veterinärmedizinische Fakultät,Die Wirkung von Probiotika auf die Intestinalgesundheit bei Haustieren: eine randomisierte kontrollierte klinische Studie
Morgan Patel,Fakultät für Chemie,Entwicklung neuer Katalysatoren: Verwendung von Nanopartikeln in heterogenen katalytischen Reaktionssystemen
Reese Gonzalez,Fakultät für Sozialwissenschaften und Philosophie,Der Einfluss ethischer Überzeugungen auf kollektive Handlungsweisen: Eine analyse zur Entstehung von sozialer Selbstbindung
Bailey Clark,Juristenfakultät,Die Auswirkungen von Digitalisierung auf den Rechtsbereich: Eine Untersuchung zum Veränderungspotenzial in der Rechtspraxis
Kris Singh,Fakultät für Physik und Erdsystemwissenschaften,Effektivität von Satellitenimaging für das Monitoring von Veränderungen im Klimawandel
Kris Campbell,Fakultät für Mathematik und Informatik,Analyse von parallelen Programmierungstechniken in konstruktiven Artificial Intelligence-Systemen
Taylor Garcia,Wirtschaftswissenschaftliche Fakultät,Die Auswirkungen technologischer Fortschritte auf die globale Wettbewerbsfähigkeit von Unternehmen
Skyler O'Hara,Fakultät für Mathematik und Informatik,Analytische Techniken zur Lösung NP-schwerer Probleme in der Informatik
Charlie Jain,Fakultät für Mathematik und Informatik,Anwendung von maschinellem Lernen in der Behandlung komplexer mathematischer Probleme
Bailey Brooks,Fakultät für Mathematik und Informatik,Analyse von Algorithmen zur Echtzeit-Optimierung von Computernetzwerken mit künstlicher Intelligenz und Maschineller Lerntechniken
Robin Garcia,"Fakultät für Geschichte, Kunst- und Regionalwissenschaften",Die Entwicklung des künstlerischen Ausdrucks im mittelalterlichen Europa: Eine Untersuchung der Beziehung zwischen religiöser und weltlicher Kunst
Robin Liu,Philologische Fakultät,Die Wiederentdeckung von Texten in antiker Schrift: Eine Untersuchung zur Erfassung alter Texte auf der Philologischen Fakultät
